I,http://aims.fao.org/aos/agrovoc/c_34007,1926
I,http://aims.fao.org/aos/agrovoc/c_34007,1927
I,http://aims.fao.org/aos/agrovoc/c_8412,1928
I,http://aims.fao.org/aos/agrovoc/c_8412,1929
I,http://aims.fao.org/aos/agrovoc/c_8412,1930
I,http://aims.fao.org/aos/agrovoc/c_34007,1931
I,http://aims.fao.org/aos/agrovoc/c_8412,1932
I,http://aims.fao.org/aos/agrovoc/c_8412,1933
I,http://aims.fao.org/aos/agrovoc/c_8412,1934
I,http://aims.fao.org/aos/agrovoc/c_8412,1935
I,http://aims.fao.org/aos/agrovoc/c_34007,1936
I,http://aims.fao.org/aos/agrovoc/c_8412,1937
I,http://aims.fao.org/aos/agrovoc/c_8412,1938
I,http://aims.fao.org/aos/agrovoc/c_8412,1939
I,http://aims.fao.org/aos/agrovoc/c_8412,1940
I,http://aims.fao.org/aos/agrovoc/c_34007,1941
I,http://aims.fao.org/aos/agrovoc/c_8412,1942
I,http://aims.fao.org/aos/agrovoc/c_8412,1943
I,http://aims.fao.org/aos/agrovoc/c_8412,1944
I,http://aims.fao.org/aos/agrovoc/c_8412,1945
I,http://aims.fao.org/aos/agrovoc/c_34007,1946
I,http://aims.fao.org/aos/agrovoc/c_8412,1947
I,http://aims.fao.org/aos/agrovoc/c_8412,1948
I,http://aims.fao.org/aos/agrovoc/c_8412,1949
I,http://aims.fao.org/aos/agrovoc/c_8412,1950
I,http://aims.fao.org/aos/agrovoc/c_34007,1951
I,http://aims.fao.org/aos/agrovoc/c_8412,1952
I,http://aims.fao.org/aos/agrovoc/c_8412,1953
I,http://aims.fao.org/aos/agrovoc/c_8412,1954
Ia,http://aims.fao.org/aos/agrovoc/c_8412,1955
Ia,http://aims.fao.org/aos/agrovoc/c_8412,1956
Ia,http://aims.fao.org/aos/agrovoc/c_8412,1957
Ia,http://aims.fao.org/aos/agrovoc/c_8412,1958
Ia,http://aims.fao.org/aos/agrovoc/c_8412,1959
Ia,http://aims.fao.org/aos/agrovoc/c_8412,1960
Ia,http://aims.fao.org/aos/agrovoc/c_8412,1961
Ia,http://aims.fao.org/aos/agrovoc/c_8412,1962
Ia,http://aims.fao.org/aos/agrovoc/c_8412,1963
Ia,http://aims.fao.org/aos/agrovoc/c_8412,1964
Ia,http://aims.fao.org/aos/agrovoc/c_8412,1965
Ia,http://aims.fao.org/aos/agrovoc/c_8412,1966
Ia,http://aims.fao.org/aos/agrovoc/c_8412,1967
